{
  "1315543021164433428": {
    "1379208014694973601": [
      {
        "reason": "test",
        "warned_by": 1237904397120569475,
        "warned_at": "2025-06-02T21:42:17.197660"
      },
      {
        "reason": "test",
        "warned_by": 1237904397120569475,
        "warned_at": "2025-06-02T21:42:17.198590"
      },
      {
        "reason": "test",
        "warned_by": 1237904397120569475,
        "warned_at": "2025-06-02T21:42:17.204338"
      },
      {
        "reason": "test",
        "warned_by": 1237904397120569475,
        "warned_at": "2025-06-02T21:42:17.205898"
      }
    ]
  }
}